{
  "b.3.301": {
    "reserveringen": [
      [
        "lorenzo",
        "minot ICT",
        25
      ]
    ],
    "informatie": "minor ICT",
    "limiet_personen": 25
  },
  "b.3.302": {
    "reserveringen": [],
    "informatie": null,
    "limiet_personen": 30
  },
  "b.3.303": {
    "reserveringen": [],
    "informatie": null,
    "limiet_personen": 30
  },
  "b.3.304": {
    "reserveringen": [],
    "informatie": null,
    "limiet_personen": 30
  },
  "b.3.305": {
    "reserveringen": [],
    "informatie": null,
    "limiet_personen": 30
  },
  "b.3.306": {
    "reserveringen": [],
    "informatie": null,
    "limiet_personen": 30
  },
  "b.3.307": {
    "reserveringen": [],
    "informatie": null,
    "limiet_personen": 30
  },
  "b.3.308": {
    "reserveringen": [],
    "informatie": null,
    "limiet_personen": 30
  },
  "b.3.309": {
    "reserveringen": [],
    "informatie": null,
    "limiet_personen": 30
  },
  "b.3.310": {
    "reserveringen": [],
    "informatie": null,
    "limiet_personen": 30
  }
}